{"cameraMode":{"drawMode":0,"name":"Shaded","section":"Shading Mode"},"sceneLighting":false,"audioPlay":false,"sceneViewState":{"m_AlwaysRefresh":false,"showFog":true,"showSkybox":false,"showFlares":true,"showImageEffects":true,"showParticleSystems":true,"showVisualEffectGraphs":true,"m_FxEnabled":true},"in2DMode":false,"pivot":{"x":-2.393636465072632,"y":0.03824007511138916,"z":0.025868773460388185},"rotation":{"x":0.11888159811496735,"y":-0.7444808483123779,"z":0.13778246939182282,"w":0.6423652768135071},"size":2.1635000705718996,"orthographic":false}